[{"id":"4cb36822-ecf0-4ce7-ade5-e8fb0e84bc4c","name":"AI Assistant Platform","description":"Intelligent AI agents that automate complex business processes and workflows.","status":"DEPLOYED","features":["Multi-agent coordination","Real-time decision making","Enterprise integration"]},{"id":"2732966b-e66f-432a-8fd3-ae8765b2746f","name":"Workflow Automation","description":"Intelligent automation platform that streamlines business processes and reduces manual work.","status":"ACTIVE","features":["Process optimization","Predictive analytics","Custom workflows"]},{"id":"def044e4-9e26-4e5f-9557-983c4a26f494","name":"Analytics Dashboard","description":"Real-time business intelligence with enterprise-grade analytics and reporting.","status":"BETA","features":["Live data streams","Advanced visualizations","Anomaly detection"]},{"id":"15d52fa6-ec28-4011-866b-55b714464567","name":"Vera – Smart Dental Assistant","description":"Vera is a voice-controlled assistant for dental clinics, offering quick, hands-free access to patient records and visit history.","status":"DEVELOPMENT","features":["• 🎙️ Voice-activated and hands-free","• 📁 Instant access to patient data","• 🧠 Context-aware responses","• 🌐 Arabic & English support","• 🔒 Secure and private","• 📊 Visit summaries and treatment history"]},{"id":"5d8d9d31-593e-49f2-8c84-496207abea67","name":"MediBot – Clinic AI Assistant","description":"MediBot is a smart Telegram agent that streamlines patient registration and manages appointment scheduling for clinics—fast, simple, and automated.","status":"ACTIVE","features":["• 📝 Patient registration via chat","• 📅 Calendar-based visit scheduling","• 🔔 Appointment reminders and updates","• 🌐 Arabic & English language support","• 🔒 Secure data handling and privacy","• 🤖 24/7 automated assistance"]}]