[{"id":"a7099cf9-6a24-410e-a5c2-3f020bc35663","name":"Custom AI Development","category":"Development Team","description":"End-to-end development of AI systems tailored to your business requirements.","features":["Technical architecture","Model training","System integration","24/7 maintenance"],"startingPrice":12500,"icon":"fas fa-laptop-code"},{"id":"9f93e4b7-2093-420d-9005-9b2ad97ff154","name":"Process Optimization","category":"Strategy & Operations","description":"Optimize business processes using intelligent automation and workflow analysis.","features":["Workflow analysis","Process automation","Performance metrics","Continuous optimization"],"startingPrice":7500,"icon":"fas fa-cogs"},{"id":"dead5711-2f20-4220-aba2-baa0ab5a123d","name":"AI Training & Support","category":"Training & Development","description":"Comprehensive training programs for teams implementing AI solutions.","features":["Team workshops","Technical documentation","Best practices guide","Ongoing consultation"],"startingPrice":2500,"icon":"fas fa-graduation-cap"}]